category,topic,style,favorite,channel_url,channel_id,author,title,video_id,date,tags
history / geography,history / geography,walkabout,favorite,http://www.youtube.com/@DimeStoreAdventures,UCUMQFUkgaEE68_ujIdW2wAw,Dime Store Adventures,New Updates To the Obscure Cryptid Map - September 2026!,T9B2MZYNYXY,2026-09-30T23:50:38+00:00,history / geography;walkabout;favorite
,,walkabout,,http://www.youtube.com/@TomScottGo,UCBa659QWEk1AI4Tg--mrJ2A,Tom Scott,"In this arcade, you drop metal balls on rich people.",drrUvxtT6lU,2026-10-05T15:00:15+00:00,walkabout
physical science,physical science,walkabout,,http://www.youtube.com/@AtomicFrontier,UCbCq5Y0WPGimG2jNXhoQxGw,Atomic Frontier,Minecraft in a particle accelerator is weird,Kd5-1IXqiDQ,2026-09-26T12:00:07+00:00,physical science;walkabout
history / geography,history / geography,walkabout,favorite,http://www.youtube.com/@JayForeman,UCbbQalJ4OaC0oQ0AqRaOJ9g,Map Men,Why a Language Map of the World is Impossible,hX21ctsGhNc,2026-09-21T16:57:44+00:00,history / geography;walkabout;favorite
history / geography,history / geography,walkabout,favorite,http://www.youtube.com/@TheTimTraveller,UC2LVhJH_9cT2XKp0VAfsKOQ,The Tim Traveller,London's Tram Championship Debut Unfortunately Goes Wrong Immediately,TTjVOAx9E9A,2026-10-01T12:00:04+00:00,history / geography;walkabout;favorite
history / geography,history / geography,walkabout,favorite,http://www.youtube.com/@RobWords,UC4a9LfdavRlVMaSSWFdIciA,RobWords,The rest of the world does names differently.,8Wx_lDqbM-Y,2026-09-26T13:00:19+00:00,history / geography;walkabout;favorite
math,math,,favorite,http://www.youtube.com/@3blue1brown,UCYO_jab_esuFRV4b17AJtAw,3Blue1Brown,The Phone Number puzzle,ausLKMojXaY,2026-09-25T13:35:02+00:00,math;favorite
math,math,talking head,,http://www.youtube.com/@numberphile,UCoxcjq-8xIDTYp3uz647V5A,Numberphile,Blind Ranking Numbers (Matt Parker),g9Exz_tR-nU,2026-10-06T17:08:47+00:00,math;talking head
math,math,talking head,,http://www.youtube.com/@standupmaths,UCSju5G2aFaWMqn-_0YBtq5A,Stand-up Maths,"We tested Babish's 15,000% claim!",9xwU-ochogk,2026-09-30T14:30:51+00:00,math;talking head
math,math,,,http://www.youtube.com/@Reducible,UCK8XIGR5kRidIw2fWqwyHRA,Reducible,A* Search: How Your Map Applications Find Shortest Routes,88I6IidylGc,2024-07-27T01:04:19+00:00,math
math,math,show and tell,,http://www.youtube.com/@henryseg,UC4zzTEL5tuIgGMvzjk1Ozbg,Henry Segerman,A mysterious extra movement,ujEZUFNgf50,2026-10-03T11:54:13+00:00,math;show and tell
math,math,talking head,,http://www.youtube.com/@upandatom,UCSIvk78tK2TiviLQn4fSHaw,Up and Atom,3 Physics Paradoxes That Feel Like a Glitch in Reality,OBIpIiZHf5w,2026-09-24T03:58:26+00:00,math;talking head
math,math,show and tell,,http://www.youtube.com/@GeorgeHart-math,UCTl0dASnxto6j2wlVs5Bs2Q,George Hart,Quadratic Whisper,tVwVJ6zW6jk,2026-01-19T22:55:25+00:00,math;show and tell
math,math,talking head,,https://www.youtube.com/@tibees,UC52kszkc08-acFOuogFl5jw,Tibees,The uncanny valley needs more dimensions,2BPWaWXAdrI,2026-09-24T12:14:49+00:00,math;talking head
math,math,,,https://www.youtube.com/@chalktalkmath/,UCUv35okF8MSo2dFQx5LrNmA,Chalk Talk,The fairness puzzle that sparked probability,_YRfSe-f1FE,2025-09-02T17:26:31+00:00,math
media / pop culture,media / pop culture,review,,http://www.youtube.com/@RedLetterMedia,UCrTNhL_yO3tPTdQ5XgmmWjA,RedLetterMedia,The Texas Chain Saw Massacre - re:View,TkyHs9-PpvQ,2026-10-01T15:47:51+00:00,media / pop culture;review
media / pop culture,media / pop culture,,,http://www.youtube.com/@CaptainDisillusion,UCEOXxzW2vU0P-0THehuIIeg,Captain Disillusion,Captain's Alan's Digital Spaghetti's Movie Club,CVqG6wHUY6M,2026-07-21T14:46:13+00:00,media / pop culture
media / pop culture,media / pop culture,talking head,,http://www.youtube.com/@JennyNicholson,UC7-E5xhZBZdW-8d7V80mzfg,Jenny Nicholson,My Favorite Twilight Knockoff,-Gq1P2aaDqM,2026-03-21T19:27:41+00:00,media / pop culture;talking head
media / pop culture,media / pop culture,talking head,favorite,http://www.youtube.com/@RealVirtualFrog,UCZXAVdAplsu1tFZ9OqQhJFg,Virtual Frog,The Arrow | Single Player Teaser | Wishlist Trailer,o9-w9CBttM0,2026-07-20T02:37:06+00:00,media / pop culture;talking head;favorite
media / pop culture,media / pop culture,talking head,,http://www.youtube.com/@any_austin,UCH_7doiCkWeq0v3ycWE5lDw,Any Austin,did you know THIS is in GTA4?  #gaming #gta4,hhfxs11qyYg,2026-10-07T17:00:19+00:00,media / pop culture;talking head
media / pop culture,media / pop culture,talking head,,http://www.youtube.com/@JillBearup,UCRrvZqCL1YsqRA8IpXrhYQQ,Jill Bearup,Reading You The 🔥Hot Boys ©️Copyright Judgment for 4.5 Hours,E5fxxkZUvmc,2026-10-05T11:02:28+00:00,media / pop culture;talking head
history / geography,history / geography,talking head,,http://www.youtube.com/@lindybeige,UC9pgQfOXRsp4UKrI8q0zjXQ,Lindybeige,Jill Bearup and the YouTuber cult of personality,pr0GpnhkjLY,2026-10-06T14:34:01+00:00,history / geography;talking head
media / pop culture,media / pop culture,chaotic,,http://www.youtube.com/@LetsGameItOut,UCto7D1L-MiRoOziCXK9uT5Q,Let's Game It Out,I Built a Theme Park That's a Cinema of Pain in Planet Coaster 2,ld1Uro6Y0n8,2026-09-19T14:49:22+00:00,media / pop culture;chaotic
media / pop culture,media / pop culture,talking head,,http://www.youtube.com/@DougDoug,UClyGlKOhDUooPJFy4v_mqPg,DougDoug,Thanks for 7 years of DougDoug,2Fo4UejU6oE,2025-12-19T20:03:00+00:00,media / pop culture;talking head
media / pop culture,media / pop culture,talking head,,http://www.youtube.com/@Danny-Gonzalez,UCSUf5_EPEfl4zlBKZHkZdmw,Danny Gonzalez,I'M GOING ON A TOUR. Get Tickets!,BoercqLTPLw,2026-09-08T18:52:30+00:00,media / pop culture;talking head
media / pop culture,media / pop culture,talking head,,http://www.youtube.com/@drewisgooden,UCTSRIY3GLFYIpkR2QwyeklA,Drew Gooden,Forcing Danny Gonzalez to watch an insane movie,ZkOFtDY2js4,2026-08-09T19:03:29+00:00,media / pop culture;talking head
food,food,talking head,,http://www.youtube.com/@aragusea,UC9_p50tH3WmMslWRWKnM7dQ,Adam Ragusea,Why beef is staying expensive (and maybe that's good?),uq6bZBnP8nQ,2026-10-08T18:51:24+00:00,food;talking head
food,food,talking head,,http://www.youtube.com/@TastingHistory,UCsaGKqPZnGp_7N80hcHySGQ,Tasting History with Max Miller,Baking the Original Apple Pie from Medieval England,lcyudQrWThU,2026-10-09T14:00:33+00:00,food;talking head
food,food,,,http://www.youtube.com/@babishculinaryuniverse,UCJHA_jMfCvEnv-3kRjTCQXw,Binging with Babish,I Tried the Best (and WORST) Instant Pot Recipes,HGWICoR6n2s,2026-10-10T13:41:08+00:00,food
food,food,,,http://www.youtube.com/@foodwishes,UCRIZtPl9nb9RiXc9btSTQNw,Food Wishes,How to Make Chef John’s No Water Chicken Soup,jkBUY0ixn64,2026-10-09T16:00:05+00:00,food
food,food,chaotic,,http://www.youtube.com/@OrdinarySausage,UCJLKwTg0IaSMoq6hLHT3CAA,Ordinary Sausage,Cosmic Brownie Sausage Regrind,Z3wIdYHp2YQ,2026-10-09T17:15:02+00:00,food;chaotic
food,food,,,http://www.youtube.com/@townsends,UCxr2d4As312LulcajAkKJYw,Townsends,Family Cookbooks - Live in the Nutmeg Tavern!,Gnl-ckqU2K0,2026-10-09T21:07:05+00:00,food
fans,fans,,,http://www.youtube.com/@matthiasrandomstuff2221,UC3_AWXcf2K3l9ILVuQe-XwQ,Matthias random stuff,My GPSpix program — Your photos on a map on your PC,D-l51PBAx4I,2026-09-19T13:24:09+00:00,fans
fans,fans,,,http://www.youtube.com/@MajorHardware,UCUXW4gT27TOaDzKFyN-1tXQ,Major Hardware,They Built a Fan INSIDE a Fan | Fan Showdown S7E8,DL4mBV_CgI8,2026-09-24T20:00:15+00:00,fans
fans,fans,,,http://www.youtube.com/@ThinkingandTinkering,UC4AkVj-qnJxNtKuz3rkq16A,Robert Murray-Smith,RIP Robert Murray-Smith (1963 - 2025),GhramXiUrY4,2025-10-07T20:10:01+00:00,fans
fans,fans,,,http://www.youtube.com/@TnTOmnibus,UC1E8OmOG17VckoPviOPmkMw,TNT Omnibus,Impossible Gears,8VzwWZ6qZu4,2025-09-11T13:15:59+00:00,fans
fans,fans,show and tell,,http://www.youtube.com/@bigclivedotcom,UCtM5z2gkrGRuWd0JQMx76qA,bigclivedotcom,Lidl ceiling light with different circuitry than I expected,lC-oHdm6ZVI,2026-10-09T17:30:12+00:00,fans;show and tell
fans,fans,,,http://www.youtube.com/@PlasmaChannel,UCg45A-ph7Eu8jQgfrwDkHLg,Plasma Channel,"Can I Green The Namib Desert Using 50,000 Volts?",46GlzbH3KYU,2026-08-31T21:25:06+00:00,fans
history / geography,history / geography,show and tell,,http://www.youtube.com/@ObjectivityVideos,UCtwKon9qMt5YLVgQt1tvJKg,Objectivity,The King Signs the Charter Book - Objectivity 309,Dt5GcQRGVIs,2026-09-10T12:59:38+00:00,history / geography;show and tell
media / pop culture,media / pop culture,show and tell,,http://www.youtube.com/@ashens,UCxt9Pvye-9x_AIcb1UtmF1Q,ashens,I Rated Microwave Burgers Out Of 5 | Ashens,oxvpYm6V0ww,2026-09-30T20:12:34+00:00,media / pop culture;show and tell
toys and games,toys and games,show and tell,,http://www.youtube.com/@grandillusions,UCnmgSO_4g6QcRzy0yFeglyA,Grand Illusions,Tim Is In Bits,T5HhLRnszL4,2026-10-09T11:00:16+00:00,toys and games;show and tell
social science,social science,talking head,,http://www.youtube.com/@JJMcCullough,UCyhOl6uRlxryALlT5yifldw,J.J. McCullough,10 people from Canadian history you should know,W0MDIsiMp54,2026-09-24T20:01:11+00:00,social science;talking head
tech,tech,,favorite,http://www.youtube.com/@PosyMusic,UCmEmX_jw_pRp5UbAdzkZq-g,Posy,King of Displays,9Fps8eS-S9Y,2026-07-11T09:00:24+00:00,tech;favorite
tech,tech,,,http://www.youtube.com/@lazyposy,UCfZwJg0C0P-xX7BicmwVKqw,Lazy Posy,Circuit Bending Attempts,r6lhnCwf8ho,2026-05-16T11:26:25+00:00,tech
making things,making things,,,http://www.youtube.com/@mitxela,UCeEf90AEmmxaQs5BUkHqR3Q,mitxela,Fluid Simulation on Flipdots,aZzOWnEWgww,2026-09-24T15:39:00+00:00,making things
history / geography,history / geography,show and tell,,http://www.youtube.com/@ObjectHistory,UC7hlBf8aKs1OFNWEdWsveFA,Object History,A Strange Mormon Weapon #history ,Wjoruc0UOmM,2026-10-09T01:44:56+00:00,history / geography;show and tell
tech,tech,show and tell,,http://www.youtube.com/@DankPods,UC7Jwj9fkrf1adN4fMmTkpug,DankPods,The miserable failure of Disney's MP3 player.,sbaQZrqszf8,2026-10-05T15:03:58+00:00,tech;show and tell
tech,tech,show and tell,,http://www.youtube.com/@Games_for_James,UCx6cailiCkg_mlMM7JX5yfA,James Channel,"""Latest Windows System""",zppC-4zdorM,2026-10-02T18:30:31+00:00,tech;show and tell
tech,tech,show and tell,,http://www.youtube.com/@Techmoan,UC5I2hjZYiW9gZPVkvzM8_Cw,Techmoan,Peak Portable Stereo? Victor RC-X90,6tcz7qhzZtU,2026-10-10T09:08:14+00:00,tech;show and tell
tech,tech,talking head,,http://www.youtube.com/@TechnologyConnections,UCy0tKL1T7wFoYcxCe0xjN6Q,Technology Connections,Engines haven't been fully mechanical in decades - and that's good!,0KoeY54M5VA,2026-09-24T16:57:27+00:00,tech;talking head
physical science,physical science,talking head,,https://www.youtube.com/@StarTalk,UCqoAEDirJPjEUFcF2FklnBA,StarTalk,Did AI Just Solve a $1 Million Math Problem?,pgArpFxkzEE,2026-10-09T22:14:48+00:00,physical science;talking head
physical science,physical science,talking head,,http://www.youtube.com/@astropro1,UCDW13ycIiHcl4QVN-YwVy0w,Archive Dive,Consuming Women,JP1jsKJxMos,2025-12-14T11:00:28+00:00,physical science;talking head
physical science,physical science,talking head,,http://www.youtube.com/@astrumspace,UC-9b7aDP6ZN0coj9-xFnrtw,Astrum,Planet Formation Explained in Two Minutes,08n0VB4V5SA,2026-10-09T15:05:27+00:00,physical science;talking head
physical science,physical science,talking head,,http://www.youtube.com/@pbsspacetime,UC7_gcs09iThXybpVgjHZ_7g,PBS Space Time,Why Does -1/12 Keep Appearing Everywhere In Physics?,w6229Ivy_Lo,2026-10-08T20:15:02+00:00,physical science;talking head
physical science,physical science,talking head,,http://www.youtube.com/@whatdamath,UCciQ8wFcVoIIMi-lfu8-cjQ,Anton Petrov,Earth’s Magnetic Field Is Directly Interacting With Your Mitochondria,BUyvFMIGynw,2026-10-09T22:00:10+00:00,physical science;talking head
physical science,physical science,talking head,,http://www.youtube.com/@AmyShiraTeitel,UCw95T_TgbGHhTml4xZ9yIqg,The Vintage Space,I finally have NEWS! #shorts #books #author,ZigBoJEH0og,2026-10-04T17:16:51+00:00,physical science;talking head
physical science,physical science,talking head,,http://www.youtube.com/@acollierastro,UCtscFf8VayggrDYjOwDke_Q,Angela Collier ,why do Trader Joe's employees do that?,F7E02qOJvlI,2026-10-10T00:00:38+00:00,physical science;talking head
physical science,physical science,,,http://www.youtube.com/@MinuteEarth,UCeiYXex_fwgYDonaTcSIk6w,MinuteEarth,10 things Kate learned on safari!,IaFKzNTA5_A,2026-10-09T17:00:24+00:00,physical science
physical science,physical science,talking head,,http://www.youtube.com/@veritasium,UCHnyfMqiRRG1u-2MsSQLbXA,Veritasium,What is edge dislocation?,j9p3Sn8ROL4,2026-10-09T13:00:03+00:00,physical science;talking head
physical science,physical science,talking head,,http://www.youtube.com/@PracticalEngineeringChannel,UCMOqf8ab-42UUQIdVoKwjlQ,Practical Engineering,The Hidden Engineering of Pressure Regulators,5_B1Mq02wcI,2026-10-06T13:00:17+00:00,physical science;talking head
physical science,physical science,talking head,,http://www.youtube.com/@smartereveryday,UC6107grRI4m0o2-emgoDnAA,SmarterEveryDay,INSIDE a Nuclear Reactor Core - Smarter Every Day 317,pXypQ6d_iDg,2026-09-26T14:34:03+00:00,physical science;talking head
physical science,physical science,show and tell,,http://www.youtube.com/@SteveMould,UCEIwxahdLz7bap-VDs9h35A,Steve Mould,This Device Turns Anything into a Suction Cup,6gsZY_-kT3U,2026-09-30T23:26:33+00:00,physical science;show and tell
physical science,physical science,talking head,,http://www.youtube.com/@engineerguyvideo,UC2bkHVIDjXS7sgrgjFtzOXQ,engineerguy,How Bicycle Helmets Are Engineered to Protect Your Brain,i_qy52fplBE,2026-05-25T15:00:14+00:00,physical science;talking head
physical science,physical science,talking head,,http://www.youtube.com/@SabineHossenfelder,UC1yNl2E66ZzKApQdRuTQ4tw,Sabine Hossenfelder,Headache: New Milky Way Data Just Defies Explanation,FExs0euUFHI,2026-10-09T15:00:15+00:00,physical science;talking head
physical science,physical science,,,http://www.youtube.com/@MinutePhysics,UCUHW94eEFW7hkUMVaZz4eDg,minutephysics,The Wavy Window Paradox,4YvnVJRlQQs,2026-08-19T14:45:49+00:00,physical science
physical science,physical science,,favorite,http://www.youtube.com/@physicsforthebirds,UCeXksuVW8H1x9v4gh7DWoyQ,Physics for the Birds,"How ""Complicated"" is an Image? Rank, the Outer Product, and the SVD",b8q7w-cRq0w,2026-09-09T15:00:16+00:00,physical science;favorite
physical science,physical science,show and tell,,http://www.youtube.com/@periodicvideos,UCtESv1e7ntJaLJYKIO1FoYw,Periodic Videos,IRON (new video) - Periodic Table of Videos,jZZcgnKl_Gg,2026-09-11T10:18:40+00:00,physical science;show and tell
physical science,physical science,show and tell,,http://www.youtube.com/@Thoisoi2,UC3j3w-oUtIAm_KI857ydvUA,Thoisoi2 - Chemical Experiments!,How to Coat ANY Surface with METAL?,ZUvioHb6N8g,2026-09-05T15:00:17+00:00,physical science;show and tell
physical science,physical science,talking head,,http://www.youtube.com/@illinoisenergyprof6878,UCKH_iLhhkTyt8Dk4dmeCQ9w,Illinois EnergyProf,Nuclear Space Power and Propulsion,QxeRPQGQDk4,2026-05-28T18:28:16+00:00,physical science;talking head
social science,social science,,,http://www.youtube.com/@CGPGrey,UC2C_jShtL725hvbm1arSV9w,CGP Grey,Why Runways Have to Be Repainted,HSRmfNDk87s,2025-04-14T19:47:51+00:00,social science
physical science,physical science,talking head,,http://www.youtube.com/@kylehill,UCFbtcTaMFnOAP0pFO1L8hVw,Kyle Hill,We Accidentally Built Roko’s Basilisk.,3o1WulVLOOY,2026-10-04T16:00:22+00:00,physical science;talking head
physical science,physical science,show and tell,,http://www.youtube.com/@TheActionLab,UC1VLQPn9cYSqx8plbk9RxxQ,The Action Lab,Virtual Particles: The Particles That Aren’t Real,Auju7duS_8A,2026-09-26T15:03:05+00:00,physical science;show and tell
,,talking head,,http://www.youtube.com/@TheDoctorsBjorkman,UCKwQjav6uPCFPIDL6SXjNqQ,The Doctors Bjorkman,Really shoulda recorded this before the sun went down lol. Happy weekend!!🍁🍂🍃 #pregnancy,Ol8QrNs-mOI,2026-10-09T23:45:55+00:00,talking head
social science,social science,,,http://www.youtube.com/@econimate,UCV7OupzIpYe9oIn_QSlyfJw,econimate,Where Does Trust in Government Come From?,cS8U2aeuyXU,2026-09-30T16:22:24+00:00,social science
math,math,,,http://www.youtube.com/@KieranBorovac,UCWul-fy84WOBE_YMcw7uJ9w,Kieran Borovac,When is Easter?,awhGbKH3mGk,2023-02-11T18:05:28+00:00,math
tech,tech,,,http://www.youtube.com/@BennJordan,UCshObcm-nLhbu8MY50EZ5Ng,Benn Jordan,This is a starting point.,37MpxDjKXdE,2026-09-24T06:49:02+00:00,tech
physical science,physical science,,,http://www.youtube.com/@AlphaPhoenixChannel,UCCWeRTgd79JL0ilH0ZywSJA,AlphaPhoenix,Slow-motion frogs are goofier than I expected,FR6z3y3d8Ag,2026-10-06T10:00:17+00:00,physical science
making things,making things,,,http://www.youtube.com/@sirrandalot,UCNq1BjOvgnPx596ddBE3wZQ,sirrandalot,Ranking Your Virtual Photos,-fNLIpSTH1Q,2026-08-15T18:42:16+00:00,making things
social science,social science,talking head,,http://www.youtube.com/@MoneyMacro,UCCKpicnIwBP3VPxBAZWDeNA,Money & Macro,Why 98% of economists support a land value tax,suiU5b9tmoE,2026-10-08T12:30:03+00:00,social science;talking head
social science,social science,,,http://www.youtube.com/@TheEconomist,UC0p5jTq6Xx_DosDFxVXnWaQ,The Economist,Will it take a Chernobyl-like disaster to regulate AI? | The Economist,2f-Gy9hKYh0,2026-10-09T18:11:26+00:00,social science
physical science,physical science,talking head,,http://www.youtube.com/@Physics4Life,UCHa0gEhM-eCT6a0B1w_ZVrw,Physics4Life,"Confessions of a Nobel Physicist | Jim Peebles on Truth, Reality, and Incompleteness",mjsLggEG5bw,2026-07-12T23:54:09+00:00,physical science;talking head
social science,social science,talking head,,http://www.youtube.com/@ibx2cat,UCJVnko6tQ56PYB5BNNChPGg,ibx2cat,4 Strange Differences Between UK & USA homes,PKq7hi7bCmA,2026-09-24T12:32:13+00:00,social science;talking head
media / pop culture,media / pop culture,,,https://www.youtube.com/@FractalPhilosophy,UCDRhoKKIzUZrJPzLCHo9s-w,Fractal Philosophy,How to Survive the Death of the Internet,B-ul3b0lz-o,2026-10-01T03:40:16+00:00,media / pop culture
comedy,comedy,walkabout,,https://www.youtube.com/@JoePeraComedy/,UCfBAKxelvdN2XDFBcofx7Dg,Joe Pera,Spiraling out because you haven't found your tree (full christmas special here on youtube),_Ed-872rTuQ,2025-12-09T17:41:36+00:00,comedy;walkabout
comedy,comedy,talking head,,http://www.youtube.com/@JennaMarbles,UC9gFih9rw0zNCK3ZtoKQQyA,JennaMarbles,Making A Dog Birthday Cake,KHCfr7qvkJs,2020-06-18T03:19:54+00:00,comedy;talking head
comedy,comedy,chaotic,,http://www.youtube.com/@TheAuntyDonnaChannel,UC_mneEC0wc29EGGmIsN_xLA,Aunty Donna,That one british actor who joins an aussie tv drama #comedy,N9ESL_qY_GM,2026-10-08T20:44:20+00:00,comedy;chaotic
toys and games,toys and games,chaotic,,http://www.youtube.com/@TheDragonsTomb,UC3izYCSBcfi2LfdIr-qg0gQ,The Dragon's Tomb,Tend Has Too Many “Write” Mechanics,UH-TQ5xXHzY,2026-09-24T12:02:25+00:00,toys and games;chaotic
comedy,comedy,talking head,,http://www.youtube.com/@TheAlexErnstShow,UCWk68Uw6V990fjnTbcOHeoA,Alex Ernst,How I Got FREE Chili’s FOR LIFE,TNw6Hw3STIE,2026-07-27T18:20:20+00:00,comedy;talking head
comedy,comedy,musical,,http://www.youtube.com/@billwurtz,UCq6aw03lNILzV96UvEAASfQ,bill wurtz,in the future,lFqjTnss4JE,2026-09-15T18:40:29+00:00,comedy;musical
comedy,comedy,musical,,http://www.youtube.com/@RyansShorts,UC6yeqgmyqhDyMPzE4wwxQig,Ryan's Shorts,I Helped Raise Zuma Stefani,E5fMZy5JXSU,2026-08-28T16:04:32+00:00,comedy;musical
comedy,comedy,musical,,http://www.youtube.com/@briandavidgilbert,UCakAg8hC_RFJm4RI3DlD7SA,brian david gilbert,a video that is about how i have new merch and also old merch,AZlohtAwWqg,2026-04-20T18:54:26+00:00,comedy;musical
comedy,comedy,musical,,http://www.youtube.com/@Lord_Vinheteiro,UCSE6yilNScIz1SLTNQvrXMw,Vinheteiro,Livin on a Chicken,4O40MoT-uS8,2026-10-07T21:25:01+00:00,comedy;musical
making things,making things,chaotic,,http://www.youtube.com/@Mattiaskrantz,UCEgm-3RvRn4nCR-fGGVsfdQ,Mattias Krantz,Best instrument idea I have ever seen,CQTrnl7YnHg,2026-09-06T18:28:18+00:00,making things;chaotic
comedy,comedy,musical,,http://www.youtube.com/@SethEverman,UCoNRSwYHJdy-yV1b82ZdHfQ,SethEverman,3 years ago,bJoyef8f8Kg,2023-11-24T17:07:09+00:00,comedy;musical
comedy,comedy,,,https://www.youtube.com/@SaturdayNightLive,UCqFzWxSCi39LnW1JKFR3efg,Saturday Night Live,church is church,_A3r1dM4MGg,2026-10-09T20:06:00+00:00,comedy
animals and biology,animals and biology,talking head,,http://www.youtube.com/@BenGThomas,UCDSzwZqgtJEnUzacq3ddoOQ,Ben G Thomas,The Scientific Accuracy of Walking With Beasts - Episode 1: New Dawn,p2NnOBFRf8w,2026-08-30T18:00:09+00:00,animals and biology;talking head
animals and biology,animals and biology,talking head,,http://www.youtube.com/@TREYtheExplainer,UCOuWeOkMrq84u5LY6apWQ8Q,TREY the Explainer,Did archaeologists really find Jesus’ childhood home?,J7M6NXC_A28,2026-08-24T18:00:08+00:00,animals and biology;talking head
animals and biology,animals and biology,,,http://www.youtube.com/@eons,UCzR-rom72PHN9Zg7RML9EbA,PBS Eons,Were there Neandertal dentists?,gtQPMMqwGFs,2026-10-06T16:15:27+00:00,animals and biology
animals and biology,animals and biology,,,http://www.youtube.com/@TierZoo,UCHsRtomD4twRf5WVHHk-cMw,TierZoo,2026 PATCH NOTES JUST DROPPED,6t1vTVi479M,2026-10-08T13:50:04+00:00,animals and biology
animals and biology,animals and biology,talking head,,http://www.youtube.com/@SallyLePage,UC9AUeAvdEVJfyS9rd9pvp8g,Sally Le Page,Is all plastic inherently evil?,0t-OA1lym2s,2021-06-14T15:00:02+00:00,animals and biology;talking head
animals and biology,animals and biology,,,http://www.youtube.com/@zefrank,UCVpankR4HtoAVtYnFDUieYA,Ze Frank,it's called an HR violation...,avbiR7dW7Uk,2026-09-29T19:49:27+00:00,animals and biology
animals and biology,animals and biology,,,http://www.youtube.com/@KQEDDeepLook,UC-3SbfTPJsL8fJAPKiVqBLg,Deep Look,Mosquitos Can Mate in Midair for up to 30 Seconds | #DeepLook #Shorts,KoUS7AZkQpY,2026-10-07T16:00:24+00:00,animals and biology
animals and biology,animals and biology,,,http://www.youtube.com/@EVNautilus,UC1KOOWHthbQVXH2kZue3_xA,EVNautilus,Octopus Pounces on Lasers !| Nautilus Live # #evnautilus#octopus #ocean #deepsea,FRAtSc50JdY,2026-10-09T19:00:26+00:00,animals and biology
animals and biology,animals and biology,talking head,,http://www.youtube.com/@BizarreBeasts,UC9Lp_AA5M2cMGrlvnnIns-g,Bizarre Beasts,This Shark is Toxic (So It Doesn't Freeze),ldAGbtpD9uI,2026-10-05T16:00:31+00:00,animals and biology;talking head
animals and biology,animals and biology,walkabout,,http://www.youtube.com/@cmkosemen,UCMy7mRjghOxB8h3nv60SU4w,cmkosemen,How to Be Good at Surreal Art?,5E_IDgSm5BE,2026-10-09T11:14:43+00:00,animals and biology;walkabout
animals and biology,animals and biology,,,http://www.youtube.com/@HistoryoftheEarth,UC_aOteuWIY8ITg7DQQspG1g,History of the Earth,What Was The Earth Like When It Had Rings?,NfCAidnP6YA,2025-10-30T22:50:10+00:00,animals and biology
animals and biology,animals and biology,talking head,,http://www.youtube.com/@ClintsReptiles,UCH18915fTE6yZzKrqdea8RQ,Clint's Reptiles,Zoologist Reacts To Your Horrible Halloween Decorations 2026,C5EEgB1ylB0,2026-10-10T12:00:34+00:00,animals and biology;talking head
animals and biology,animals and biology,talking head,,http://www.youtube.com/@AronRa,UCAJfDidJyukTekgSRZrjadw,AronRa,Blasphemers Bible - Isaiah 13,DfKmd_MPWIs,2026-10-10T09:40:30+00:00,animals and biology;talking head
animals and biology,animals and biology,,,http://www.youtube.com/@journeytomicro,UCBbnbBWJtwsf0jLGUwX5Q3g,Journey to the Microcosmos,The Future of Microscopy (and end of our Journey),DoQ5RXflnuY,2024-10-28T14:00:20+00:00,animals and biology
animals and biology,animals and biology,,,http://www.youtube.com/@Phrenotopia,UCO-8Osf4S3N0m7u1NivTfeg,Phrenotopia,The Deeper Meaning of Steven Universe (S01),glr6x-0y5-w,2026-08-02T19:33:42+00:00,animals and biology
animals and biology,animals and biology,slice of life,,http://www.youtube.com/@octolabtv1168,UCNo_xQ7NvTr31naPAcjQWjg,Octolab TV,Octopus Christmas Tree Shopping,vrthz3HdlPE,2021-12-25T16:08:17+00:00,animals and biology;slice of life
animals and biology,animals and biology,slice of life,,http://www.youtube.com/@KOTARO_OTTER,UCDYyCQAk60CqabvkL5gU3Mw,KOTSUMET,新しい家でさっそく珍行動にでるカワウソ　Otter’s New House Brings Out Otterly Odd Behavior!,sXCrVM6Xg38,2026-10-10T11:00:21+00:00,animals and biology;slice of life
animals and biology,animals and biology,slice of life,,http://www.youtube.com/@NinjaFrog777,UCrJH2Wy7PmCiitXKJ21yh4w,Ninja Frog,Too Round to Jump - Potato Fairy Music,wL5l6J9DJsE,2025-08-03T01:00:54+00:00,animals and biology;slice of life
animals and biology,animals and biology,slice of life,,http://www.youtube.com/@cruiser1228,UCWIxPuO_0emPbma8UlOc3JQ,Cruiser,Lynx on Dumpling Mtn Oct 6 2026 explore.org,fCmNgiZ2Wd0,2026-10-07T14:30:39+00:00,animals and biology;slice of life
animals and biology,animals and biology,slice of life,,http://www.youtube.com/@cherylb4420,UCpjhDz9Sqn-6h1ZwtvUiA2g,Cheryl B,11/4/2022 LS Young Polar bears playing Explore.org,3Z78ZvO4_nk,2022-11-06T05:27:53+00:00,animals and biology;slice of life
animals and biology,animals and biology,slice of life,,http://www.youtube.com/@Mr.Frog.,UCWUH_hdDfzi98i3clGbh_Ww,Mr. Frog,I gave instruction 🐸toad,5jDBztAdhq8,2026-01-01T14:45:20+00:00,animals and biology;slice of life
animals and biology,animals and biology,slice of life,,http://www.youtube.com/@HomuraHam,UCKwcMBhbzQXgSM1T3TvHmiA,Homura Ham,Hamster Mario Ball Pool Maze - Shorts 🐹 Homura Ham,iIiyXPe3MkY,2026-09-19T06:00:27+00:00,animals and biology;slice of life
animals and biology,animals and biology,chaotic,,http://www.youtube.com/@TheUrbanRescueRanch,UCv3mh2P-q3UCtR9-2q8B-ZA,The Urban Rescue Ranch,Why I’m Leaving YouTube ,i3dUFOfDyWY,2026-05-23T15:38:23+00:00,animals and biology;chaotic
animals and biology,animals and biology,slice of life,,http://www.youtube.com/@LOUTRE,UCz6yuUg6N0iRiFhCLmXrNJQ,LOUTRE,飲み方がママゆずり #shorts,kOZ6R-o69Yg,2026-10-10T12:50:11+00:00,animals and biology;slice of life
animals and biology,animals and biology,slice of life,,http://www.youtube.com/@Bradybrandwood,UCj2Eeg01Mn5WmcXxt695fUg,Brady Brandwood,What's Wrong With My Lobster?  Plus So Much More!,k3oySviXuCQ,2026-10-08T20:32:34+00:00,animals and biology;slice of life
animals and biology,animals and biology,slice of life,,http://www.youtube.com/@FOBBVCAM,UCsFgbVuhRrPV5FqyN7kOD8g,FOBBV CAM,10-2-2026 Remembering Jackie,oLw9Zu6-l1Q,2026-10-02T18:15:37+00:00,animals and biology;slice of life
animals and biology,animals and biology,slice of life,,http://www.youtube.com/@wrinkletheduck,UCPPjuJTt9jiOZNHScvEmvRg,seDUCKtive,Duck Running Down The Hall,bfHE2QQ_KDo,2026-08-05T16:50:03+00:00,animals and biology;slice of life
animals and biology,animals and biology,slice of life,,http://www.youtube.com/@ApolloandFrens,UCnUdaxbBMPQ9o9KVz7Oa6eQ,Apollo and Frens,Testing Apollo on New and Old 🗂️,DG1S0hjTB74,2026-10-05T16:33:20+00:00,animals and biology;slice of life
animals and biology,animals and biology,slice of life,,http://www.youtube.com/@davidmbird,UC6q7I1DD2Jv5Ur9UEIavIrA,Becorns | David M Bird,Nap Nook - who will visit?,jn9QHrd7P-E,2026-10-08T16:15:36+00:00,animals and biology;slice of life
animals and biology,animals and biology,slice of life,,http://www.youtube.com/@LesleytheBirdNerd,UCDjdXwT-KrFPsqOSg4KL8Nw,Lesley the Bird Nerd,This Father Chickadee Was Left to Raise His Family Alone,lCiOO_QnIgI,2026-09-27T23:13:14+00:00,animals and biology;slice of life
animals and biology,animals and biology,slice of life,,http://www.youtube.com/@MyBackyardBirding,UCcNyzOCKvyMBaA4iQVgO9EQ,MyBackyardBirding,Ms Northern Cardinal Is Not Sharing Her Bath in the Mountain Spring,X1pAr63Z7_U,2026-10-04T10:45:11+00:00,animals and biology;slice of life
animals and biology,animals and biology,slice of life,,https://www.youtube.com/@OctopusLady,UC8_YhCUr_HRsLAtSddGeFcw,The Octopus Lady,Why Researching Parrotfish Almost Drove Me to Madness,CgYMslXhskY,2026-05-04T23:54:14+00:00,animals and biology;slice of life
making things,making things,chaotic,favorite,https://www.youtube.com/@williamosman,UCfMJ2MchTSW2kWaT0kK94Yw,William Osman,i tried increasing my pain tolerance,yw67_k6oDQY,2025-04-16T21:56:05+00:00,making things;chaotic;favorite
making things,making things,chaotic,favorite,http://www.youtube.com/@MichaelReeves,UCtHaxi4GTYDpJgMSGy7AeSw,Michael Reeves,I Built a Dog Catapult,oA85M9JHsW0,2026-02-13T17:17:16+00:00,making things;chaotic;favorite
making things,making things,chaotic,,http://www.youtube.com/@styropyro,UCJYJgj7rzsn0vdR7fkgjuIA,styropyro,Have you ever seen a cyan laser?,LWcXrT90JEw,2026-03-17T21:30:04+00:00,making things;chaotic
making things,making things,chaotic,,http://www.youtube.com/@WilliamOsman2,UCbguawtJlHjxXzdAskubQVg,William Osman 2,we need to talk about this guy's fish,iUMkNj_9dPc,2026-10-05T17:24:20+00:00,making things;chaotic
making things,making things,chaotic,,http://www.youtube.com/@allenpan,UCVS89U86PwqzNkK2qYNbk5A,Allen Pan,One Punch Gauntlet Teaser,UFB_8uU8KKQ,2026-10-08T22:46:16+00:00,making things;chaotic
making things,making things,chaotic,,http://www.youtube.com/@Ididathing,UCJLZe_NoiG0hT7QCX_9vmqw,I did a thing,I made a fully automatic hammer,-Ft5BrmUg1I,2026-08-14T19:00:38+00:00,making things;chaotic
making things,making things,chaotic,,http://www.youtube.com/@ElectroBOOM,UCJ0-OtVpF0wOKEqT2Z1HEtA,ElectroBOOM,Rage-Fixing the Power Washer,Tuxgh8SrzbQ,2026-09-21T16:04:44+00:00,making things;chaotic
making things,making things,chaotic,,http://www.youtube.com/@Glarses,UCFtOX-21N1earf-K58C7HjQ,Glarses,School Teacher Rates Mechanical Keyboard [it upsets him],GLJhMLrijH8,2026-06-29T11:13:18+00:00,making things;chaotic
making things,making things,chaotic,,http://www.youtube.com/@ExtractionsAndIre,UCvFApMFo_AafXbHRyEJefjA,Extractions&Ire,Making weird GLS Glass at home,wQo5UZHxZ5E,2026-06-02T13:50:55+00:00,making things;chaotic
making things,making things,chaotic,,http://www.youtube.com/@ExplosionsAndFire,UCVovvq34gd0ps5cVYNZrc7A,Explosions&Fire,Finding project ideas?,8VgUT_HNxlA,2026-10-03T11:43:53+00:00,making things;chaotic
making things,making things,chaotic,,http://www.youtube.com/@NileRed2,UCA0mlN90EHCizvo101nbr-g,NileRed 2,This is what REALLY happened at Polaroid,7Jkbug2l9K8,2023-04-04T21:15:30+00:00,making things;chaotic
making things,making things,chaotic,,http://www.youtube.com/@NileBlue,UC1D3yD4wlPMico0dss264XA,NileBlue,Taking the fizz out of 100 cans of Red Bull,ksS50NbBPjs,2026-07-30T15:33:13+00:00,making things;chaotic
making things,making things,,,http://www.youtube.com/@StuffMadeHere,UCj1VqrHhDte54oLgPG4xpuQ,Stuff Made Here,I made an apple peel itself,RpslsMqPFWA,2026-08-05T22:30:42+00:00,making things
making things,making things,,,http://www.youtube.com/@NileRed,UCFhXFikryT4aFcLkLw2LBLA,NileRed,Making nasty soap,5OcnO7U0VeA,2026-08-19T16:34:22+00:00,making things
making things,making things,,,http://www.youtube.com/@thethoughtemporium,UCV5vCi3jPJdURZwAOO_FNfQ,The Thought Emporium,We'll give you (a) head for charity!,6FuDjxu63gg,2026-10-07T18:41:26+00:00,making things
making things,making things,,,http://www.youtube.com/@tom7,UC3azLjQuz9s5qk76KEXaTvA,suckerpinch,No one can force me to have a secure website!!!,M1si1y5lvkk,2026-04-13T23:10:04+00:00,making things
making things,making things,,,http://www.youtube.com/@tomwildenhain,UCgO8vdeWcywARd99Od-H_8A,Tom Wildenhain,Can we compile C code into PowerPoint?,LArkm4v5mWA,2020-04-01T23:14:10+00:00,making things
making things,making things,,,http://www.youtube.com/@kiwami-japan,UCg3qsVzHeUt5_cPpcRtoaJQ,圧倒的不審者の極み!,腐っていく肉と腐らせたくない男の肉物語。肉で作られた包丁,Q1VWUL0G0uU,2022-09-04T12:30:06+00:00,making things
making things,making things,,,http://www.youtube.com/@LabCoatz_Science,UCcT_WBynr2K8nANsVrR8BYw,LabCoatz,Perfectly Replicating Red Bull...Then Making It Caffeine-FREE,7pTqGJ3KSLE,2026-09-27T00:40:13+00:00,making things
making things,making things,,,http://www.youtube.com/@Nighthawkinlight,UCFtc3XdXgLFwhlDajMGK69w,NightHawkInLight,I Learned the Downsides of Cooling Roof Paint,36D6CzghGfw,2026-09-02T16:47:26+00:00,making things
making things,making things,,,http://www.youtube.com/@AppliedScience,UCivA7_KLKWo43tFcCkFvydw,Applied Science,Drawing electricity from this sodium-water reactor prevents it from exploding (in theory),l0qqUE1pgXU,2026-09-30T23:36:13+00:00,making things
making things,making things,,,http://www.youtube.com/@PyrotechnicalScience,UC1_kuFbEBdHtf7_c2wIdNVg,Pyrotechnical Science ,Turning aspirin into a lethal weight loss drug,T5TiRCicj5A,2024-06-30T12:51:46+00:00,making things
making things,making things,,,http://www.youtube.com/@EmilyTheEngineer,UC_4YBM08hcpJqLl3vvgTqXg,Emily The Engineer,"ZABUZA SWORD …. is really heavy, help #naruto",s7eVXO470_c,2026-10-07T17:36:59+00:00,making things
making things,making things,,,http://www.youtube.com/@IanHubert2,UCbmxZRQk-X0p-TOxd6PEYJA,IanHubert,Prepare for Execution - DYNAMO DREAM - Ep2,29E-HNTWEOE,2024-09-04T06:43:48+00:00,making things
making things,making things,,,http://www.youtube.com/@SebastianLague,UCmtyQOKKmrMVaKuRXz02jbQ,Sebastian Lague,I Made a Pen Plotter to Draw Maps of the Moon,qyNWDzO6kKQ,2026-10-01T10:29:34+00:00,making things
making things,making things,,,http://www.youtube.com/@KazeN64,UCuvSqzfO_LV_QzHdmEj84SQ,Kaze Emanuar,He spent weeks to save 100 Microseconds,U2K44nC8c8g,2026-09-05T14:45:10+00:00,making things
making things,making things,,,http://www.youtube.com/@KazeClips,UCiIHJurLcZu5wzUBtTNqtvw,KazeClips,MARIO LUIGI,MmZVlma6F8o,2026-10-04T14:45:27+00:00,making things
making things,making things,,,http://www.youtube.com/@Junferno,UCRb6Mw3fJ6OFzp-cB9X29aA,Junferno,What If Computers Were a Gorilla?,63QlOBbl6pM,2026-07-29T10:40:06+00:00,making things
making things,making things,,,http://www.youtube.com/@ZenoRogue,UCfCtbgiDxwFtlqrbEralvTw,ZenoRogue,Non-Euclidean Game + Relativity = ?,PxnoSsjMrck,2025-06-19T13:58:23+00:00,making things
making things,making things,,,http://www.youtube.com/@CodeParade,UCrv269YwJzuZL3dH5PCgxUw,CodeParade,Turning Sporadic Groups into Puzzles,xwQ5dx4dE9g,2026-05-07T15:50:13+00:00,making things
making things,making things,,,http://www.youtube.com/@InkboxSoftware,UCBciYThS5hOiuQ4aOxw4hHg,Inkbox,It Took Every SNES Hardware Trick To Make My Game,j_2bo7ng65E,2026-09-05T18:09:38+00:00,making things
making things,making things,,,http://www.youtube.com/@Jam2go,UClSfrg5hVNhIlwv7hEmVD2g,Jam2go,"I added those cameras to my game, you know, to read license plates :)",lMc6sSUkspY,2026-07-27T15:28:32+00:00,making things
making things,making things,,,http://www.youtube.com/@carykh,UC9z7EZAbkphEMg0SP7rw44A,carykh,I made a cursed Menger Sponge.,dG70FDZ8EnQ,2026-08-21T20:49:01+00:00,making things
making things,making things,,,http://www.youtube.com/@JohnNelsonMaps,UCpdwmy5JTFNUkKknxHH9Dsg,John Nelson Maps,Burning Man from Space 2016 - 2026,SxukZR9mIwc,2026-09-21T12:23:44+00:00,making things
making things,making things,,,http://www.youtube.com/@Acerola_t,UCQG40havu4kNpB4pxUDQhYQ,Acerola,"How to blur images at 20,000 FPS (or 50 microseconds)",YJVYX8tllj4,2026-09-24T19:30:44+00:00,making things
making things,making things,,,http://www.youtube.com/@marcevanstein,UC0AJ676UuHdQ0zshDEkyfTA,Marc Evanstein / music․py,You Are Your Own Negative 1st Cousin,rGXYM8dcdA8,2026-09-20T15:16:35+00:00,making things
making things,making things,,,http://www.youtube.com/@GoodInventions,UCoQBtJ24OUqB4O285xp9ZrQ,GoodInventions,Ep16 The Great Hunt,8zuhDOtaDs8,2020-06-04T14:00:06+00:00,making things
making things,making things,chaotic,,http://www.youtube.com/@UnnecessaryInventions,UCB4NFn-8oipHct0IfAQBQrQ,Unnecessary Inventions,You’ve never seen a USB C Cable like this.,cdOSNWHkKW4,2026-10-04T18:30:02+00:00,making things;chaotic
making things,making things,,,http://www.youtube.com/@pocket83,UCoCEoPxruw9HW58O-l3ttDQ,pocket83,Endless Knot ∞ Finite Wood,JP1K5XZRsKE,2021-10-30T18:36:33+00:00,making things
making things,making things,,,http://www.youtube.com/@hedronrockworks,UCXgpaZxObvROehgpRAmg0SQ,Hedron Rockworks,From Glass to Resin: Coping Precision,mHfhtfC3Hh4,2026-09-05T12:11:31+00:00,making things
making things,making things,,,http://www.youtube.com/@theCodyReeder,UCu6mSoMNzHQiBIOCkHUa2Aw,Cody'sLab,Niter Ice,xQ5oDp75sNI,2026-09-12T18:00:19+00:00,making things
making things,making things,,,http://www.youtube.com/@htme,UCfIqCzQJXvYj9ssCoHq327g,How To Make Everything,This is not a machine gun.,Dcy1LNGHTek,2026-10-02T15:00:34+00:00,making things
making things,making things,show and tell,,http://www.youtube.com/@barnabydixon,UCxseO_JzIiiJENauW2RmcJQ,barnabydixon,FORKSICHORD — “Autumn Leaves” 🎤,yHZy7-Fy-pU,2026-09-27T14:43:25+00:00,making things;show and tell
making things,making things,musical,,https://www.youtube.com/@Wintergatan,UCcXhhVwCT6_WqjkEniejRJQ,Wintergatan,Learning How to Use Datums | Marble Machine #475,T19l8-r00hM,2026-10-08T15:58:06+00:00,making things;musical
making things,making things,,,http://www.youtube.com/@peter_knetter,UCNMyoMaXJZITZaRKCz7G23Q,Peter Knetter,YouTube in Game Boy,PnbGLxLcPhc,2026-09-30T20:00:14+00:00,making things
making things,making things,talking head,,http://www.youtube.com/@simonegiertz,UC3KEoMzNz8eYnwBC34RaKCQ,Simone Giertz,Solving my workshop’s most annoying problem,1MNtfa4Vz3A,2026-10-09T17:00:35+00:00,making things;talking head
making things,making things,,,https://www.youtube.com/@Slingshotchannel,UCVZlxkKqlvVqzRJXhAGq42Q,JoergSprave,.45/70 Monster Revolver!,qPp3V6fYvLg,2026-10-08T16:59:48+00:00,making things
making things,making things,,,https://www.youtube.com/@Iliketomakestuff,UC6x7GwJxuoABSosgVXDYtTw,I Like To Make Stuff,Is this Engineering?,PCjPU7Tld0U,2026-10-03T15:00:29+00:00,making things
toys and games,toys and games,review,,https://www.youtube.com/@actualol,UCO-hn9MJOu7pOUdGSabKGvA,Actualol,10 Mistakes You’ll Make Buying Board Games,cwt6cmT4VLo,2026-09-25T15:00:40+00:00,toys and games;review
toys and games,toys and games,review,,https://www.youtube.com/@ShutUpandSitDown,UCyRhIGDUKdIOw07Pd8pHxCw,Shut Up & Sit Down,Yotei: Making Bad Deals with Beautiful Potatoes,aEfA5eMdKDU,2026-10-08T18:58:08+00:00,toys and games;review
toys and games,toys and games,review,,https://www.youtube.com/@TheDiceTower,UCiwBbXQlljGjKtKhcdMliRA,The Dice Tower,Eternal Sevens Review: The Magnificent Seven,Qpf-BfR9ixM,2026-10-10T14:00:21+00:00,toys and games;review
toys and games,toys and games,review,,https://www.youtube.com/@TolarianCommunityCollege,UC7-hR5EfgpM6oHfiGDkxfMA,Tolarian Community College,New Secret Lair Alert! Marvel Zombies! David Bowie's Labyrinth & More Cards For Magic: The Gathering,qhX6qSIrsL4,2026-10-09T15:46:39+00:00,toys and games;review
toys and games,toys and games,chaotic,,https://www.youtube.com/@kamsandwich,UC2buJRIGgvkpMpaaCyaIqGA,KamSandwich,Board Game...Booster Packs?,D4KVFRhKKv4,2026-09-19T15:00:06+00:00,toys and games;chaotic
toys and games,toys and games,review,,https://www.youtube.com/@marcoomnigamer,UCqjObEZh6BQw2xpgMjPZ7qg,MarcoOmnigamer,Signing off & Thank You!,DmOpwi6ROsw,2025-10-13T01:32:58+00:00,toys and games;review
toys and games,toys and games,review,,https://www.youtube.com/@Wedelvedeeply,UCQIfzjNGMhdzbHzJQ2jh-lQ,Inside the Box,Marvel Strike Teams - Inside the Box (ITB),ZNLKjlPq3lA,2020-10-31T13:02:10+00:00,toys and games;review
toys and games,toys and games,review,,http://www.youtube.com/@jackredathewarp,UCmJ6GCpVC6v_cXXIBatFlsw,Jack Reda - Future Pastimes Games,Faction Changes for Dune: Kwisatz Haderach Edition,k7Iwj3H-Mvs,2026-10-09T20:24:16+00:00,toys and games;review
toys and games,toys and games,review,,http://www.youtube.com/@Shelfside,UCtT0CIZIXLMlPdQVwmI6RjA,Shelfside,Monopoly Brainrot Billionaire Review — Hasbro Why,UsUDA7uvbUQ,2026-10-07T20:29:08+00:00,toys and games;review
toys and games,toys and games,review,,http://www.youtube.com/@QuestingBeast,UCvYwePdbWSEwUa-Pk02u3Zw,Questing Beast,Modern DnD gameplay has changed,MOBulasoqdQ,2026-10-06T21:27:03+00:00,toys and games;review
original animation,original animation,,,http://www.youtube.com/@WorldbuildingNotes,UCncTjqw75krp9j_wRRh5Gvw,Worldbuilding Notes,Story World | Holidays and Gods,1b4ZvUT98iY,2025-07-15T01:00:03+00:00,original animation
original animation,original animation,,favorite,http://www.youtube.com/@Worthikids,UCxXu9tCU63mF1ntk89XPkzA,Worthikids,BIGTOP BURGER: HEAVISIDE,RCZaxYrKb30,2025-12-31T22:57:56+00:00,original animation;favorite
original animation,original animation,,,http://www.youtube.com/@homestarrunnerdotcom,UCMkbjxvwur30YrFWw8kpSaw,homestarrunnerdotcom,Dangeresque Crime Scene Tamperer Promo,BMbkAdgljtI,2026-09-10T19:19:28+00:00,original animation
original animation,original animation,,,http://www.youtube.com/@monlenz,UCZdrTo_md37z3iogKYrVgCw,Monstergarden,making little knick knacks 2,7Tzeu-clGks,2026-10-02T19:09:46+00:00,original animation
original animation,original animation,,,https://www.youtube.com/@TalesofAlethrion,UCwuALck_lp7LxzQcoskRjbQ,Tales of Alethrion,"Wilhelm, Vito And Amerath Are Almost Ready to Ship!",VISD4Hy0crg,2026-08-09T20:58:45+00:00,original animation
